"","servidor","DataCenter","tipo","Powerstate","fv","capacidad_total","capacidad_usada","capacidad_asignada"
"1","ADU070","QRO","OTROS","poweredOn","fisico",160.05,129.085619188504,30.9643808114962
"2","ADU430","QRO","OTROS","poweredOn","fisico",122.4,116.883333333333,5.51666666666667
"3","ADU470","QRO","OTROS","poweredOn","fisico",64.05,57.4315476190476,6.61845238095238
"4","ADU520","QRO","OTROS","poweredOn","fisico",441.65,439.360119047619,2.28988095238095
"5","AGSUAT","QRO","UAT","poweredOn","fisico",401.6,322.953916596224,78.6460834037757
"6","ALR21","QRO","OTROS","poweredOn","fisico",71.1,57.2190476190476,13.8809523809524
"7","ALR40","QRO","OTROS","poweredOn","fisico",19.35,11.2089285714286,8.14107142857143
"8","ALR96","QRO","OTROS","poweredOn","fisico",27.9,22.6178571428571,5.28214285714286
"9","B101","QRO","OTROS","poweredOn","fisico",3479.46666666667,3368.34292057581,111.123746090857
"10","B102","QRO","OTROS","poweredOn","fisico",5803.46666666667,5512.86637457828,290.600292088391
"11","B103","QRO","OTROS","poweredOn","fisico",5803.46666666667,5680.66329563805,122.803371028614
"12","B104","QRO","OTROS","poweredOn","fisico",5216.9,5055.91586766543,160.98413233457
"13","B107","QRO","OTROS","poweredOn","fisico",4791.93333333333,4194.32684847567,597.606484857667
"14","B203","QRO","OTROS","poweredOn","fisico",4432.88571428571,4202.73483306706,230.150881218658
"15","B204","QRO","OTROS","poweredOn","fisico",10232.9857142857,9923.84858996482,309.137124320894
"16","B205","QRO","OTROS","poweredOn","fisico",7254.58571428571,7177.79849199538,76.7872222903392
"17","B206","QRO","OTROS","poweredOn","fisico",9005.48571428571,8753.57910831509,251.906605970624
"18","B207","QRO","OTROS","poweredOn","fisico",4245.28571428571,4156.57927310951,88.7064411762083
"19","B208","QRO","OTROS","poweredOn","fisico",7207.38571428571,7147.36065887915,60.0250554065683
"20","B209","QRO","OTROS","poweredOn","fisico",7350.98571428571,7204.85795206847,146.127762217249
"21","BLADE10","QRO","OTROS","poweredOn","fisico",837.233333333333,398.856220332358,438.377113000975
"22","BLADE9","QRO","OTROS","poweredOn","fisico",859.233333333333,407.983687637364,451.249645695969
"23","CPA_OR","QRO","OTROS","poweredOn","fisico",1583.9,1517.67091567852,66.2290843214756
"24","CPNN1","QRO","OTROS","poweredOn","fisico",277.25,264.348257142857,12.9017428571429
"25","CPNQN1","QRO","OTROS","poweredOn","fisico",48,34.0304394880482,13.9695605119518
"26","CPNV1","QRO","OTROS","poweredOn","fisico",200.4,192.817857142857,7.58214285714286
"27","CRM","QRO","OTROS","poweredOn","fisico",464.4,376.022231614539,88.3777683854607
"28","DEVPS2","QRO","DESARROLLO","poweredOn","fisico",919.9,742.463250211327,177.436749788673
"29","DWH","QRO","OTROS","poweredOn","fisico",13,8.28571428571429,4.71428571428571
"30","EPM","QRO","OTROS","poweredOn","fisico",0,0,0
"31","FINANZAS","QRO","OTROS","poweredOn","fisico",697.6,565.990025359256,131.609974640744
"32","GRPSAT1","QRO","OTROS","poweredOn","fisico",1909.5,1542.02616934348,367.473830656523
"33","GRPSAT2","QRO","OTROS","poweredOn","fisico",1563.3,1265.06709636517,298.232903634827
"34","HARVEST7","QRO","OTROS","poweredOn","fisico",301.55,296.8125,4.7375
"35","LAB5","QRO","OTROS","poweredOn","fisico",3699.95,3084.34359910838,615.606400891617
"36","OR_XP1024","QRO","OTROS","poweredOn","fisico",595.65,480.510767117498,115.139232882502
"37","PSPINDESTBDPRO03","QRO","PRODUCCION","poweredOn","fisico",38.1,13.865625,24.234375
"38","PSPINDESTBDUAT01","QRO","UAT","poweredOn","fisico",0,0,0
"39","PSPINORIGBDPRO01","QRO","PRODUCCION","poweredOn","fisico",8.26666666666667,2.17204166666667,6.094625
"40","PSPINORIGBDPRO02","QRO","PRODUCCION","poweredOn","fisico",8.26666666666667,2.17204166666667,6.094625
"41","PSPINORIGBDPRO03","QRO","PRODUCCION","poweredOn","fisico",8.26666666666667,2.17204166666667,6.094625
"42","PSPINORIGBDUAT01","QRO","UAT","poweredOn","fisico",22.2,10.2675,11.9325
"43","QROMGESX01","QRO","ESX","poweredOn","fisico",405.671428571429,144.672309285714,260.999119285714
"44","QROMGESX02","QRO","ESX","poweredOn","fisico",405.671428571429,144.672309285714,260.999119285714
"45","QROMGESX03","QRO","ESX","poweredOn","fisico",405.671428571429,144.672309285714,260.999119285714
"46","QROMSRMESX01","QRO","ESX","poweredOn","fisico",1189.19642857143,575.065248820386,614.131179751043
"47","QROMSRMESX02","QRO","ESX","poweredOn","fisico",1189.19642857143,575.065248820386,614.131179751043
"48","QROMSRMESX03","QRO","ESX","poweredOn","fisico",1189.19642857143,575.065248820386,614.131179751043
"49","QROMSRMESX04","QRO","ESX","poweredOn","fisico",1189.19642857143,575.065248820386,614.131179751043
"50","QSNODE1","QRO","OTROS","poweredOn","fisico",654.8,534.140269447686,120.659730552314
"51","SG_ISOSADP5","QRO","OTROS","poweredOn","fisico",40.8,32.8331360946746,7.96686390532544
"52","TERCEROS","QRO","OTROS","poweredOn","fisico",293.5,237.456487743026,56.0435122569738
"53","TQ360PROSQLP01","QRO","PRODUCCION","poweredOn","fisico",657.35,483.696222841467,173.653777158533
"54","TQ360PROSQLP02","QRO","PRODUCCION","poweredOn","fisico",658.15,484.107422841467,174.042577158533
"55","TQACWPROMSQL01","QRO","PRODUCCION","poweredOn","fisico",651.4,615.235861234505,36.1641387654954
"56","TQACWPROMSQL01_DATOS","QRO","PRODUCCION","poweredOn","fisico",128,128,0
"57","TQACWPROMSQL02","QRO","PRODUCCION","poweredOn","fisico",630.2,578.147647743029,52.0523522569706
"58","TQACWPROMSQL02_DATOS","QRO","PRODUCCION","poweredOn","fisico",128,128,0
"59","TQBTOSTRIRCT01","QRO","STRESS","poweredOn","fisico",68.7,23.59845,45.10155
"60","TQBTOSTRIRCT02","QRO","STRESS","poweredOn","fisico",19.6,1.9208,17.6792
"61","TQBTOSTRPCBD01","QRO","STRESS","poweredOn","fisico",105.2,55.3352,49.8648
"62","TQBTOSTRPERF01","QRO","STRESS","poweredOn","fisico",20.8,2.1632,18.6368
"63","TQBUSPROMSQL01","QRO","PRODUCCION","poweredOn","fisico",8.2,0.5253125,7.6746875
"64","TQBUSPROMSQL02","QRO","PRODUCCION","poweredOn","fisico",8.3,0.538203125,7.761796875
"65","TQBUSPROMSQL03","QRO","PRODUCCION","poweredOn","fisico",8.1,0.512578125,7.587421875
"66","TQBUSPROMSQL04","QRO","PRODUCCION","poweredOn","fisico",8.2,0.5253125,7.6746875
"67","TQBUSPROMSQL05","QRO","PRODUCCION","poweredOn","fisico",8.3,0.538203125,7.761796875
"68","TQBUSPROMSQL06","QRO","PRODUCCION","poweredOn","fisico",8.2,0.5253125,7.6746875
"69","TQBUSPROMSQL07","QRO","PRODUCCION","poweredOn","fisico",8.3,0.538203125,7.761796875
"70","TQBUSPROMSQL08","QRO","PRODUCCION","poweredOn","fisico",8.4,0.55125,7.84875
"71","TQBUSPROSQIN01","QRO","PRODUCCION","poweredOn","fisico",8.3,0.538203125,7.761796875
"72","TQBUSPROSQIN02","QRO","PRODUCCION","poweredOn","fisico",8.3,0.538203125,7.761796875
"73","TQCDFPRODB2X01","QRO","PRODUCCION","poweredOn","fisico",1685.66666666667,1569.17628643601,116.490380230655
"74","TQCDFPRODB2X02","QRO","PRODUCCION","poweredOn","fisico",6636.36666666667,5557.95828699405,1078.40837967262
"75","TQCDFPRODB2X03","QRO","PRODUCCION","poweredOn","fisico",1690.76666666667,1576.27985786458,114.486808802083
"76","TQCDFPRODB2X04","QRO","PRODUCCION","poweredOn","fisico",1682.36666666667,1567.87985786458,114.486808802083
"77","TQCDFPRODB2X05","QRO","PRODUCCION","poweredOn","fisico",1682.36666666667,1567.87985786458,114.486808802083
"78","TQCDFPRODB2X06","QRO","PRODUCCION","poweredOn","fisico",1690.76666666667,1576.27985786458,114.486808802083
"79","TQCRMDO1","QRO","OTROS","poweredOn","fisico",2468.5,2054.54255645944,413.957443540564
"80","TQCRMDO2","QRO","OTROS","poweredOn","fisico",2418.3,2039.05711364935,379.242886350652
"81","TQCRMDO3","QRO","OTROS","poweredOn","fisico",2676.55,2077.93672415375,598.613275846252
"82","TQCRMDO4","QRO","OTROS","poweredOn","fisico",3680.35,2699.00799362498,981.342006375019
"83","TQCRMPO1_MIG","QRO","OTROS","poweredOn","fisico",13929.5,12938.6062526821,990.893747317905
"84","TQCRMPO2_MIG","QRO","OTROS","poweredOn","fisico",12312.3,11315.7677110467,996.53228895333
"85","TQDNSPROSNTP03","QRO","PRODUCCION","poweredOn","fisico",0,0,0
"86","TQDNSPROSNTP04","QRO","PRODUCCION","poweredOn","fisico",0.4,0.005,0.395
"87","TQDOCPO1","QRO","OTROS","poweredOn","fisico",1335.75,1033.86609323137,301.883906768628
"88","TQDOCPO2","QRO","OTROS","poweredOn","fisico",1331.25,1036.50808136194,294.741918638064
"89","TQDWHPRODB2X01_MIGRADO","QRO","PRODUCCION","poweredOn","fisico",2282.4,1955.39399162623,327.006008373766
"90","TQDWHPRODB2X02_MIGRADO","QRO","PRODUCCION","poweredOn","fisico",9365,7703.23881991745,1661.76118008255
"91","TQDWHPRODB2X03_MIGRADO","QRO","PRODUCCION","poweredOn","fisico",10135.1,8646.59138096282,1488.50861903718
"92","TQDWHPRODB2X04_MIGRADO","QRO","PRODUCCION","poweredOn","fisico",2501,2501.10023752969,-0.100237529691213
"93","TQDWHUATTRLX01","QRO","UAT","poweredOn","fisico",464.65,421.678950195312,42.9710498046875
"94","TQDWHUATTRLX01_MG","QRO","UAT","poweredOn","fisico",531.85,488.679543667123,43.1704563328774
"95","TQDYPUATORCL01_MIG","QRO","UAT","poweredOn","fisico",15.1,6.76587537091988,8.33412462908012
"96","TQERMDO1","QRO","OTROS","poweredOn","fisico",413,281.913477439861,131.086522560139
"97","TQERMDO2","QRO","OTROS","poweredOn","fisico",414,283.188180997173,130.811819002827
"98","TQERMPO1","QRO","OTROS","poweredOn","fisico",8554.9,8021.90222874722,532.997771252782
"99","TQERMPO2","QRO","OTROS","poweredOn","fisico",1412.5,1245.98276320848,166.517236791521
"100","TQESXAPPSPAC02","QRO","ESX","poweredOn","fisico",222.5,86.7594224773243,135.740577522676
"101","TQESXAPPSPAC04","QRO","ESX","poweredOn","fisico",222.5,86.7594224773243,135.740577522676
"102","TQESXAPPSPAC10","QRO","ESX","poweredOn","fisico",222.5,86.7594224773243,135.740577522676
"103","TQESXAPPSPAC105","QRO","ESX","poweredOn","fisico",153.5,88.477365217402,65.0226347825979
"104","TQESXAPPSPAC107","QRO","ESX","poweredOn","fisico",153.5,88.477365217402,65.0226347825979
"105","TQESXAPPSPAC111","QRO","ESX","poweredOn","fisico",244.9,114.64325961445,130.25674038555
"106","TQESXAPPSPAC117","QRO","ESX","poweredOn","fisico",244.9,114.64325961445,130.25674038555
"107","TQESXAPPSPAC13","QRO","ESX","poweredOn","fisico",153.5,88.477365217402,65.0226347825979
"108","TQESXAPPSPAC131","QRO","ESX","poweredOn","fisico",70.975,39.1867026448853,31.7882973551147
"109","TQESXAPPSPAC133","QRO","ESX","poweredOn","fisico",118.314285714286,50.6925196506275,67.6217660636582
"110","TQESXAPPSPAC134","QRO","ESX","poweredOn","fisico",118.314285714286,50.6925196506275,67.6217660636582
"111","TQESXAPPSPAC140","QRO","ESX","poweredOn","fisico",70.975,39.1867026448853,31.7882973551147
"112","TQESXAPPSPAC143","QRO","ESX","poweredOn","fisico",70.975,39.1867026448853,31.7882973551147
"113","TQESXAPPSPAC144","QRO","ESX","poweredOn","fisico",70.975,39.1867026448853,31.7882973551147
"114","TQESXAPPSPAC145","QRO","ESX","poweredOn","fisico",118.314285714286,50.6925196506275,67.6217660636582
"115","TQESXAPPSPAC147","QRO","ESX","poweredOn","fisico",118.314285714286,50.6925196506275,67.6217660636582
"116","TQESXAPPSPAC148","QRO","ESX","poweredOn","fisico",118.314285714286,50.6925196506275,67.6217660636582
"117","TQESXAPPSPAC153","QRO","ESX","poweredOn","fisico",118.314285714286,50.6925196506275,67.6217660636582
"118","TQESXAPPSPAC154","QRO","ESX","poweredOn","fisico",118.314285714286,50.6925196506275,67.6217660636582
"119","TQESXAPPSPAC171","QRO","ESX","poweredOn","fisico",99.5,57.7610851808635,41.7389148191365
"120","TQESXAPPSPAC173","QRO","ESX","poweredOn","fisico",99.5,57.7610851808635,41.7389148191365
"121","TQESXAPPSPAC174","QRO","ESX","poweredOn","fisico",119.94,53.1694010112797,66.7705989887203
"122","TQESXAPPSPAC18","QRO","ESX","poweredOn","fisico",13.325,1.3871533203125,11.9378466796875
"123","TQESXAPPSPAC181","QRO","ESX","poweredOn","fisico",119.94,53.1694010112797,66.7705989887203
"124","TQESXAPPSPAC182","QRO","ESX","poweredOn","fisico",119.94,53.1694010112797,66.7705989887203
"125","TQESXAPPSPAC185","QRO","ESX","poweredOn","fisico",99.5,57.7610851808635,41.7389148191365
"126","TQESXAPPSPAC187","QRO","ESX","poweredOn","fisico",119.94,53.1694010112797,66.7705989887203
"127","TQESXAPPSPAC188","QRO","ESX","poweredOn","fisico",119.94,53.1694010112797,66.7705989887203
"128","TQESXAPPSPAC19","QRO","ESX","poweredOn","fisico",153.5,88.477365217402,65.0226347825979
"129","TQESXAPPSPAC20","QRO","ESX","poweredOn","fisico",153.5,88.477365217402,65.0226347825979
"130","TQESXAPPSPAC201","QRO","ESX","poweredOn","fisico",2423.08214285714,1578.24512385129,844.837019005853
"131","TQESXAPPSPAC202","QRO","ESX","poweredOn","fisico",1270.38928571429,900.783925794448,369.605359919837
"132","TQESXAPPSPAC203","QRO","ESX","poweredOn","fisico",1274.78928571429,901.929487924626,372.85979778966
"133","TQESXAPPSPAC205","QRO","ESX","poweredOn","fisico",2423.08214285714,1578.24512385129,844.837019005853
"134","TQESXAPPSPAC206","QRO","ESX","poweredOn","fisico",2427.88214285714,1579.68512385129,848.197019005853
"135","TQESXAPPSPAC207","QRO","ESX","poweredOn","fisico",2427.68214285714,1579.56762385129,848.114519005853
"136","TQESXAPPSPAC208","QRO","ESX","poweredOn","fisico",2427.68214285714,1579.56762385129,848.114519005853
"137","TQESXAPPSPAC209","QRO","ESX","poweredOn","fisico",1276.18928571429,902.774458338827,373.414827375459
"138","TQESXAPPSPAC21","QRO","ESX","poweredOn","fisico",13.325,1.3871533203125,11.9378466796875
"139","TQESXAPPSPAC210","QRO","ESX","poweredOn","fisico",1274.98928571429,902.035996800366,372.95328891392
"140","TQESXAPPSPAC211","QRO","ESX","poweredOn","fisico",5.8,1.9905325443787,3.8094674556213
"141","TQESXAPPSPAC217","QRO","ESX","poweredOn","fisico",2427.78214285714,1579.62574885129,848.156394005853
"142","TQESXAPPSPAC218","QRO","ESX","poweredOn","fisico",2427.68214285714,1579.56762385129,848.114519005853
"143","TQESXAPPSPAC219","QRO","ESX","poweredOn","fisico",1276.38928571429,902.914103309241,373.475182405044
"144","TQESXAPPSPAC22","QRO","ESX","poweredOn","fisico",13.325,1.3871533203125,11.9378466796875
"145","TQESXAPPSPAC220","QRO","ESX","poweredOn","fisico",1275.18928571429,902.147239403916,373.04204631037
"146","TQESXAPPSPAC221","QRO","ESX","poweredOn","fisico",1274.78928571429,901.929487924626,372.85979778966
"147","TQESXAPPSPAC226","QRO","ESX","poweredOn","fisico",11548.9666666667,8508.67379442019,3040.29287224647
"148","TQESXAPPSPAC228","QRO","ESX","poweredOn","fisico",3094.4,1066.61456189409,2027.78543810591
"149","TQESXAPPSPAC229","QRO","ESX","poweredOn","fisico",11548.9666666667,8508.67379442019,3040.29287224647
"150","TQESXAPPSPAC23","QRO","ESX","poweredOn","fisico",13.325,1.3871533203125,11.9378466796875
"151","TQESXAPPSPAC234","QRO","ESX","poweredOn","fisico",11548.9666666667,8508.67379442019,3040.29287224647
"152","TQESXAPPSPAC28","QRO","ESX","poweredOn","fisico",222.5,86.7594224773243,135.740577522676
"153","TQESXAPPSPAC304","QRO","ESX","poweredOn","fisico",10205.4535714286,3988.33331929253,6217.12025213604
"154","TQESXAPPSPAC31","QRO","ESX","poweredOn","fisico",13.8,4.5889156626506,9.2110843373494
"155","TQESXAPPSPAC32","QRO","ESX","poweredOn","fisico",13.8,4.5889156626506,9.2110843373494
"156","TQESXAPPSPAC35","QRO","ESX","poweredOn","fisico",222.5,86.7594224773243,135.740577522676
"157","TQESXAPPSPAC36","QRO","ESX","poweredOn","fisico",321.728571428571,120.519896807681,201.20867462089
"158","TQESXAPPSPAC38","QRO","ESX","poweredOn","fisico",113.028571428571,38.3493899930077,74.6791814355637
"159","TQESXAPPSPAC40","QRO","ESX","poweredOn","fisico",113.028571428571,38.3493899930077,74.6791814355637
"160","TQESXAPPSPAC41","QRO","ESX","poweredOn","fisico",113.028571428571,38.3493899930077,74.6791814355637
"161","TQESXAPPSPAC43","QRO","ESX","poweredOn","fisico",113.028571428571,38.3493899930077,74.6791814355637
"162","TQESXAPPSPAC516","QRO","ESX","poweredOn","fisico",408.4,88.137365,320.262635
"163","TQESXAPPSPAC517","QRO","ESX","poweredOn","fisico",408.4,88.137365,320.262635
"164","TQESXAPPSPAC58","QRO","ESX","poweredOn","fisico",4169.85,3288.91622078006,880.933779219945
"165","TQESXAPPSPAC59","QRO","ESX","poweredOn","fisico",46.75,4.2686767578125,42.4813232421875
"166","TQESXAPPSPAC64","QRO","ESX","poweredOn","fisico",412.233333333333,254.904481666667,157.328851666667
"167","TQESXAPPSPAC65","QRO","ESX","poweredOn","fisico",99.2285714285714,33.7604743303571,65.4680970982143
"168","TQESXAPPSPAC67","QRO","ESX","poweredOn","fisico",412.233333333333,254.904481666667,157.328851666667
"169","TQESXAPPSPAC73","QRO","ESX","poweredOn","fisico",412.233333333333,254.904481666667,157.328851666667
"170","TQESXAPPSPAC83","QRO","ESX","poweredOn","fisico",103.375,82.7231186283596,20.6518813716404
"171","TQESXAPPSRM01","QRO","ESX","poweredOn","fisico",982.716666666667,387.606618492064,595.110048174603
"172","TQESXAPPSRM02","QRO","ESX","poweredOn","fisico",74.4,15.468384390501,58.931615609499
"173","TQESXBDSRM01","QRO","ESX","poweredOn","fisico",2021.86666666667,444.185627242064,1577.6810394246
"174","TQESXBDSRM02","QRO","ESX","poweredOn","fisico",306.1,65.810403765501,240.289596234499
"175","TQESXBOSSPAC02","QRO","ESX","poweredOn","fisico",561.2,314.94544,246.25456
"176","TQESXBOSSPAC03","QRO","ESX","poweredOn","fisico",561.2,314.94544,246.25456
"177","TQESXDBSPAC02","QRO","ESX","poweredOn","fisico",1012.65,636.756402914672,375.893597085327
"178","TQESXDBSPAC03","QRO","ESX","poweredOn","fisico",1264.39285714286,864.021394132471,400.371463010386
"179","TQESXDBSPAC04","QRO","ESX","poweredOn","fisico",1264.41785714286,864.02139557923,400.396461563627
"180","TQESXDBSPAC05","QRO","ESX","poweredOn","fisico",1264.39285714286,864.021394132471,400.371463010386
"181","TQESXDBSPAC07","QRO","ESX","poweredOn","fisico",1280.575,757.226357686986,523.348642313014
"182","TQESXDBSPAC08","QRO","ESX","poweredOn","fisico",1264.39285714286,864.021394132471,400.371463010386
"183","TQESXDBSPAC09","QRO","ESX","poweredOn","fisico",1264.41785714286,864.02139557923,400.396461563627
"184","TQESXDBSPAC10","QRO","ESX","poweredOn","fisico",3345.61785714286,2823.97880071316,521.639056429698
"185","TQESXDBSPAC11","QRO","ESX","poweredOn","fisico",218.766666666667,147.918568652139,70.8480980145278
"186","TQESXDBSPAC12","QRO","ESX","poweredOn","fisico",240.466666666667,152.627468652139,87.8391980145279
"187","TQESXDBSPAC13","QRO","ESX","poweredOn","fisico",218.766666666667,147.918568652139,70.8480980145278
"188","TQESXDBSPAC201","QRO","ESX","poweredOn","fisico",3168.7,1831.01137099977,1337.68862900023
"189","TQESXDBSPAC202","QRO","ESX","poweredOn","fisico",6.8,2.89,3.91
"190","TQESXDBSPAC208","QRO","ESX","poweredOn","fisico",5151.7,3696.84785019531,1454.85214980469
"191","TQESXDBXSPAC02","QRO","ESX","poweredOn","fisico",251.742857142857,227.264991217799,24.4778659250586
"192","TQESXLABSPAC01","QRO","ESX","poweredOn","fisico",948.2,532.791498898484,415.408501101516
"193","TQESXLABSPAC02","QRO","ESX","poweredOn","fisico",947.8,532.573747419194,415.226252580806
"194","TQESXLABSPAC03","QRO","ESX","poweredOn","fisico",948.1,532.735285880733,415.364714119267
"195","TQESXLABSPAC04","QRO","ESX","poweredOn","fisico",947.9,532.626410141088,415.273589858912
"196","TQESXWEBSPAC02","QRO","ESX","poweredOn","fisico",434.655555555556,220.33596946649,214.319586089065
"197","TQESXWEBSPAC04","QRO","ESX","poweredOn","fisico",434.655555555556,220.33596946649,214.319586089065
"198","TQESXWEBSPAC05","QRO","ESX","poweredOn","fisico",434.655555555556,220.33596946649,214.319586089065
"199","TQESXWEBSPAC06","QRO","ESX","poweredOn","fisico",434.655555555556,220.33596946649,214.319586089065
"200","TQESXWEBSPAC08","QRO","ESX","poweredOn","fisico",45.5857142857143,28.2893843418348,17.2963299438795
"201","TQESXWEBSPAC09","QRO","ESX","poweredOn","fisico",45.5857142857143,28.2893843418348,17.2963299438795
"202","TQESXWEBSPAC100","QRO","ESX","poweredOn","fisico",21.8714285714286,6.51208812579874,15.3593404456298
"203","TQESXWEBSPAC101","QRO","ESX","poweredOn","fisico",21.8714285714286,6.51208812579874,15.3593404456298
"204","TQESXWEBSPAC102","QRO","ESX","poweredOn","fisico",53.31,10.5627051730844,42.7472948269156
"205","TQESXWEBSPAC103","QRO","ESX","poweredOn","fisico",53.31,10.5627051730844,42.7472948269156
"206","TQESXWEBSPAC104","QRO","ESX","poweredOn","fisico",33.35,6.6887106184364,26.6612893815636
"207","TQESXWEBSPAC106","QRO","ESX","poweredOn","fisico",18.02,2.51813691170751,15.5018630882925
"208","TQESXWEBSPAC108","QRO","ESX","poweredOn","fisico",18.02,2.51813691170751,15.5018630882925
"209","TQESXWEBSPAC110","QRO","ESX","poweredOn","fisico",251.566666666667,106.109743290548,145.456923376118
"210","TQESXWEBSPAC112","QRO","ESX","poweredOn","fisico",251.566666666667,106.109743290548,145.456923376118
"211","TQESXWEBSPAC13","QRO","ESX","poweredOn","fisico",363.44,162.3186640625,201.1213359375
"212","TQESXWEBSPAC132","QRO","ESX","poweredOn","fisico",117,26.736328125,90.263671875
"213","TQESXWEBSPAC14","QRO","ESX","poweredOn","fisico",363.44,162.3186640625,201.1213359375
"214","TQESXWEBSPAC16","QRO","ESX","poweredOn","fisico",45.5857142857143,28.2893843418348,17.2963299438795
"215","TQESXWEBSPAC17","QRO","ESX","poweredOn","fisico",45.5857142857143,28.2893843418348,17.2963299438795
"216","TQESXWEBSPAC18","QRO","ESX","poweredOn","fisico",45.5857142857143,28.2893843418348,17.2963299438795
"217","TQESXWEBSPAC19","QRO","ESX","poweredOn","fisico",45.5857142857143,28.2893843418348,17.2963299438795
"218","TQESXWEBSPAC20","QRO","ESX","poweredOn","fisico",45.5857142857143,28.2893843418348,17.2963299438795
"219","TQESXWEBSPAC200","QRO","ESX","poweredOn","fisico",614.325,371.282583061863,243.042416938137
"220","TQESXWEBSPAC201","QRO","ESX","poweredOn","fisico",609.825,370.016958061863,239.808041938137
"221","TQESXWEBSPAC202","QRO","ESX","poweredOn","fisico",609.825,370.016958061863,239.808041938137
"222","TQESXWEBSPAC206","QRO","ESX","poweredOn","fisico",614.625,371.456958061863,243.168041938137
"223","TQESXWEBSPAC217","QRO","ESX","poweredOn","fisico",1906.2,488.440445234375,1417.75955476562
"224","TQESXWEBSPAC218","QRO","ESX","poweredOn","fisico",7007.9,5849.05114856961,1158.84885143039
"225","TQESXWEBSPAC22","QRO","ESX","poweredOn","fisico",65.44,36.9901694915254,28.4498305084746
"226","TQESXWEBSPAC23","QRO","ESX","poweredOn","fisico",65.44,36.9901694915254,28.4498305084746
"227","TQESXWEBSPAC24","QRO","ESX","poweredOn","fisico",65.44,36.9901694915254,28.4498305084746
"228","TQESXWEBSPAC25","QRO","ESX","poweredOn","fisico",65.44,36.9901694915254,28.4498305084746
"229","TQESXWEBSPAC29","QRO","ESX","poweredOn","fisico",434.655555555556,220.33596946649,214.319586089065
"230","TQESXWEBSPAC30","QRO","ESX","poweredOn","fisico",434.655555555556,220.33596946649,214.319586089065
"231","TQESXWEBSPAC31","QRO","ESX","poweredOn","fisico",434.655555555556,220.33596946649,214.319586089065
"232","TQESXWEBSPAC32","QRO","ESX","poweredOn","fisico",363.44,162.3186640625,201.1213359375
"233","TQESXWEBSPAC35","QRO","ESX","poweredOn","fisico",363.44,162.3186640625,201.1213359375
"234","TQESXWEBSPAC36","QRO","ESX","poweredOn","fisico",434.655555555556,220.33596946649,214.319586089065
"235","TQESXWEBSPAC39","QRO","ESX","poweredOn","fisico",65.44,36.9901694915254,28.4498305084746
"236","TQESXWEBSPAC50","QRO","ESX","poweredOn","fisico",363.44,162.3186640625,201.1213359375
"237","TQESXWEBSPAC53","QRO","ESX","poweredOn","fisico",557.2,210.867412109375,346.332587890625
"238","TQESXWEBSPAC57","QRO","ESX","poweredOn","fisico",557.2,210.867412109375,346.332587890625
"239","TQESXWEBSPAC64","QRO","ESX","poweredOn","fisico",423.7875,181.320773189484,242.466726810516
"240","TQESXWEBSPAC65","QRO","ESX","poweredOn","fisico",423.7875,181.320773189484,242.466726810516
"241","TQESXWEBSPAC66","QRO","ESX","poweredOn","fisico",423.7875,181.320773189484,242.466726810516
"242","TQESXWEBSPAC67","QRO","ESX","poweredOn","fisico",423.7875,181.320773189484,242.466726810516
"243","TQESXWEBSPAC69","QRO","ESX","poweredOn","fisico",423.7875,181.320773189484,242.466726810516
"244","TQESXWEBSPAC71","QRO","ESX","poweredOn","fisico",423.7875,181.320773189484,242.466726810516
"245","TQESXWEBSPAC72","QRO","ESX","poweredOn","fisico",858.443055555556,401.656742655974,456.786312899581
"246","TQESXWEBSPAC78","QRO","ESX","poweredOn","fisico",423.7875,181.320773189484,242.466726810516
"247","TQESXWEBSPAC82","QRO","ESX","poweredOn","fisico",21.8714285714286,6.51208812579874,15.3593404456298
"248","TQESXWEBSPAC83","QRO","ESX","poweredOn","fisico",21.8714285714286,6.51208812579874,15.3593404456298
"249","TQESXWEBSPAC84","QRO","ESX","poweredOn","fisico",21.8714285714286,6.51208812579874,15.3593404456298
"250","TQESXWEBSPAC86","QRO","ESX","poweredOn","fisico",21.8714285714286,6.51208812579874,15.3593404456298
"251","TQESXWEBSPAC87","QRO","ESX","poweredOn","fisico",21.8714285714286,6.51208812579874,15.3593404456298
"252","TQESXWEBSPAC89","QRO","ESX","poweredOn","fisico",53.31,10.5627051730844,42.7472948269156
"253","TQESXWEBSPAC90","QRO","ESX","poweredOn","fisico",53.31,10.5627051730844,42.7472948269156
"254","TQESXWEBSPAC91","QRO","ESX","poweredOn","fisico",53.31,10.5627051730844,42.7472948269156
"255","TQESXWEBSPAC93","QRO","ESX","poweredOn","fisico",18.02,2.51813691170751,15.5018630882925
"256","TQESXWEBSPAC95","QRO","ESX","poweredOn","fisico",18.02,2.51813691170751,15.5018630882925
"257","TQESXWEBSPAC96","QRO","ESX","poweredOn","fisico",18.02,2.51813691170751,15.5018630882925
"258","TQESXWEBSPAC99","QRO","ESX","poweredOn","fisico",251.566666666667,106.109743290548,145.456923376118
"259","TQESXWEBSRM01","QRO","ESX","poweredOn","fisico",436.466666666667,84.9066734920635,351.559993174603
"260","TQESXWEBSRM02","QRO","ESX","poweredOn","fisico",212.05,77.810609390501,134.239390609499
"261","TQEVEPROORCL01","QRO","PRODUCCION","poweredOn","fisico",53.5,22.4120476190476,31.0879523809524
"262","TQEVEPROORCL02","QRO","PRODUCCION","poweredOn","fisico",43.8,22.7975476190476,21.0024523809524
"263","TQEVEPROORCL03","QRO","PRODUCCION","poweredOn","fisico",19.3,2.32115,16.97885
"264","TQEVEUATORCL01","QRO","UAT","poweredOn","fisico",80.2,47.4332142857143,32.7667857142857
"265","TQEVEUATORCL02","QRO","UAT","poweredOn","fisico",34.3,16.6696309523809,17.630369047619
"266","TQFOPPROORCL01","QRO","PRODUCCION","poweredOn","fisico",1156,991.487048964763,164.512951035237
"267","TQFOPPROORCL02","QRO","PRODUCCION","poweredOn","fisico",694.6,613.073848964763,81.5261510352373
"268","TQFOPPROORCL03","QRO","PRODUCCION","poweredOn","fisico",694.6,613.073848964763,81.5261510352373
"269","TQFOPUATORCL01","QRO","UAT","poweredOn","fisico",1258.85,1172.35378743784,86.4962125621595
"270","TQFOPUATORCL02","QRO","UAT","poweredOn","fisico",1258.85,1172.35378743784,86.4962125621595
"271","TQGDBPRORACG01","QRO","PRODUCCION","poweredOn","fisico",96.6,92.2090909090909,4.39090909090909
"272","TQGDBPRORACG02","QRO","PRODUCCION","poweredOn","fisico",0,0,0
"273","TQIDCPROFSCL03","QRO","PRODUCCION","poweredOn","fisico",9134.2,8093.96119125332,1040.23880874668
"274","TQIDCPROFSCL03_MIGRADO","QRO","PRODUCCION","poweredOn","fisico",13212.35,12230.0676830734,982.282316926554
"275","TQIDCPROFSCL04","QRO","PRODUCCION","poweredOn","fisico",9134.2,8093.96119125332,1040.23880874668
"276","TQIDCPROFSCL04_MIGRADO","QRO","PRODUCCION","poweredOn","fisico",14393.65,13445.5887387571,948.061261242936
"277","TQIDCPROFSCL05","QRO","PRODUCCION","poweredOn","fisico",22808.8,21713.4506835448,1095.34931645522
"278","TQIDCPROFSCL06","QRO","PRODUCCION","poweredOn","fisico",22666.3,21489.1400531965,1177.15994680348
"279","TQIDCPROMSQL01","QRO","PRODUCCION","poweredOn","fisico",3675.99230769231,3186.44433679967,489.547970892637
"280","TQIDCPROMSQL01_MG","QRO","PRODUCCION","poweredOn","fisico",3532.89230769231,3043.54405766499,489.348250027319
"281","TQIDCPROMSQL02","QRO","PRODUCCION","poweredOn","fisico",3680.84230769231,3187.79502571802,493.047281974284
"282","TQIDCPROMSQL02_MG","QRO","PRODUCCION","poweredOn","fisico",3537.84230769231,3045.09439766499,492.747910027319
"283","TQIDCPROMSQL03","QRO","PRODUCCION","poweredOn","fisico",3689.49230769231,3174.64033523652,514.851972455791
"284","TQIDCPROMSQL03_MIG","QRO","PRODUCCION","poweredOn","fisico",3559.29230769231,3056.34277766499,502.949530027319
"285","TQIDCPROMSQL04","QRO","PRODUCCION","poweredOn","fisico",3560.94230769231,3057.51295766499,503.429350027319
"286","TQIDCPROMSQL04_MG","QRO","PRODUCCION","poweredOn","fisico",3560.94230769231,3057.51295766499,503.429350027319
"287","TQIDCPROMSQL04_MIG","QRO","PRODUCCION","poweredOn","fisico",106.9,79.7460572226099,27.1539427773901
"288","TQIDCPROMSQL05","QRO","PRODUCCION","poweredOn","fisico",3569.89230769231,3064.61925766499,505.273050027319
"289","TQIDCPROMSQL05_MG","QRO","PRODUCCION","poweredOn","fisico",3569.89230769231,3064.61925766499,505.273050027319
"290","TQIDCPROMSQL05_MIG","QRO","PRODUCCION","poweredOn","fisico",141.4,139.525191905094,1.8748080949058
"291","TQIDCPROMSQL06","QRO","PRODUCCION","poweredOn","fisico",3698.89230769231,3172.16419172749,526.728115964819
"292","TQIDCPROMSQL06_BOOT","QRO","PRODUCCION","poweredOn","fisico",143,142.700628053036,0.299371946964413
"293","TQIDCPROMSQL07","QRO","PRODUCCION","poweredOn","fisico",3722.14230769231,3214.57156757427,507.570740118038
"294","TQIDCPROMSQL07_MIG","QRO","PRODUCCION","poweredOn","fisico",3580.64230769231,3074.84895766499,505.793350027319
"295","TQIDCPROMSQL09","QRO","PRODUCCION","poweredOn","fisico",353.1,228.098008333333,125.001991666667
"296","TQIDCPROMSQL09_MIGRADO","QRO","PRODUCCION","poweredOn","fisico",2810.55,2166.01191858017,644.53808141983
"297","TQIDCPROMSQL10","QRO","PRODUCCION","poweredOn","fisico",96,96,0
"298","TQIDCPROMSQL10_MIGRADO","QRO","PRODUCCION","poweredOn","fisico",2691.95,2206.93485363284,485.015146367163
"299","TQIDCPROMSQL11","QRO","PRODUCCION","poweredOn","fisico",96,96,0
"300","TQIDCPROMSQL11_2","QRO","PRODUCCION","poweredOn","fisico",733.95,598.68286759853,135.26713240147
"301","TQIDCPROMSQL11_MIGRADO","QRO","PRODUCCION","poweredOn","fisico",2278.85,1776.44406772412,502.405932275879
"302","TQIDCPROMSQL12","QRO","PRODUCCION","poweredOn","fisico",47.9,23.9001041666667,23.9998958333333
"303","TQIDCPROMSQL12_2","QRO","PRODUCCION","poweredOn","fisico",853.45,722.05665897177,131.39334102823
"304","TQIDCPROMSQL12_MIGRADO","QRO","PRODUCCION","poweredOn","fisico",2009.15,1524.46577189079,484.684228109213
"305","TQIDCPROMSQL15","QRO","PRODUCCION","poweredOn","fisico",91,33.7620197916667,57.2379802083333
"306","TQIDCPROMSQL15_MIGRADO","QRO","PRODUCCION","poweredOn","fisico",1800.35,1266.41401470329,533.935985296713
"307","TQIDCPROMSQL16","QRO","PRODUCCION","poweredOn","fisico",80.6,16.5743322916667,64.0256677083333
"308","TQIDCPROMSQL16_MIGRADO","QRO","PRODUCCION","poweredOn","fisico",1879.55,1305.11732001579,574.432679984213
"309","TQIDCPROMSQL17","QRO","PRODUCCION","poweredOn","fisico",990.2,727.998901741682,262.201098258318
"310","TQIDCPROMSQL18","QRO","PRODUCCION","poweredOn","fisico",993,725.390254682859,267.609745317142
"311","TQIDCSTRFSCL01","QRO","STRESS","poweredOn","fisico",135.8,134.924035608309,0.875964391691395
"312","TQIDCSTRFSCL02","QRO","STRESS","poweredOn","fisico",146.3,138.756379821958,7.54362017804154
"313","TQIDCSTRMSQL01","QRO","STRESS","poweredOn","fisico",72.425,50.5998567708333,21.8251432291667
"314","TQIDCSTRMSQL01_NEW","QRO","STRESS","poweredOn","fisico",3687.175,2059.4182459487,1627.7567540513
"315","TQIDCSTRMSQL02","QRO","STRESS","poweredOn","fisico",72.425,50.5998567708333,21.8251432291667
"316","TQIDCSTRMSQL02_NEW","QRO","STRESS","poweredOn","fisico",3642.075,2006.85746018147,1635.21753981853
"317","TQIDNPRODASI01","QRO","PRODUCCION","poweredOn","fisico",506.4,482.988627182867,23.4113728171334
"318","TQIDNPRODASI02","QRO","PRODUCCION","poweredOn","fisico",471.9,470.91,0.99
"319","TQIDNPRODASI03","QRO","PRODUCCION","poweredOn","fisico",243.3,191.773551401869,51.5264485981308
"320","TQIDNPRODASI04","QRO","PRODUCCION","poweredOn","fisico",457.7,447.0641,10.6359
"321","TQIDNPRODASI05","QRO","PRODUCCION","poweredOn","fisico",474.7,445.081404491357,29.6185955086428
"322","TQIDNPROMIDC01","QRO","PRODUCCION","poweredOn","fisico",370.9,370.9,0
"323","TQIDNPROMIDC02","QRO","PRODUCCION","poweredOn","fisico",644.6,616.674266886326,27.9257331136738
"324","TQIDNPROMIDC03","QRO","PRODUCCION","poweredOn","fisico",345.7,345.800035945363,-0.100035945363118
"325","TQIDNPROMIDC06","QRO","PRODUCCION","poweredOn","fisico",299.3,162.67202,136.62798
"326","TQIDNPROMIDC07","QRO","PRODUCCION","poweredOn","fisico",207.8,77.741145,130.058855
"327","TQIDNSTRDASI01","QRO","STRESS","poweredOn","fisico",112.2,101.216337188163,10.9836628118366
"328","TQIDNSTRDASI02","QRO","STRESS","poweredOn","fisico",40.5,12.5596333610912,27.9403666389088
"329","TQIDNSTRDASI03","QRO","STRESS","poweredOn","fisico",35.8,11.7593662401332,24.0406337598668
"330","TQIDNSTRMIDC01","QRO","STRESS","poweredOn","fisico",13.9,5.73323442136499,8.16676557863502
"331","TQIDNSTRMIDC02","QRO","STRESS","poweredOn","fisico",12.2,4.41661721068249,7.78338278931751
"332","TQMORUATDB2X01","QRO","UAT","poweredOn","fisico",26.5,10.4191394658754,16.0808605341246
"333","TQMORUATDB2X01_2","QRO","UAT","poweredOn","fisico",10.3,0.8438,9.4562
"334","TQMORUATDB2X02","QRO","UAT","poweredOn","fisico",20.3,6.11409495548961,14.1859050445104
"335","TQMORUATDB2X02_2","QRO","UAT","poweredOn","fisico",114.9,66.01005,48.88995
"336","TQMORUATDB2X03","QRO","UAT","poweredOn","fisico",23.8,8.40415430267062,15.3958456973294
"337","TQMORUATDB2X03_2","QRO","UAT","poweredOn","fisico",151.6,114.9128,36.6872
"338","TQMPRUATDBMI02","QRO","UAT","poweredOn","fisico",19.4,1.9951,17.4049
"339","TQMPRUATPKIA02","QRO","UAT","poweredOn","fisico",68.8,47.3344,21.4656
"340","TQOVMAPPSPAC11","QRO","OTROS","poweredOn","fisico",43.5333333333333,1.93859438554067,41.5947389477927
"341","TQOVMAPPSPAC12","QRO","OTROS","poweredOn","fisico",44.2333333333333,2.12497533792163,42.1083579954117
"342","TQOVMAPPSPAC13","QRO","OTROS","poweredOn","fisico",43.5333333333333,1.93859438554067,41.5947389477927
"343","TQOVMDBSPAC01","QRO","OTROS","poweredOn","fisico",70,7.89857942708333,62.1014205729167
"344","TQOVMDBSPAC02","QRO","OTROS","poweredOn","fisico",73,11.4700079985119,61.5299920014881
"345","TQOVMDBSPAC08","QRO","OTROS","poweredOn","fisico",68.4,6.8700079985119,61.5299920014881
"346","TQREMPROORCL02","QRO","PRODUCCION","poweredOn","fisico",227.3,204.191003550296,23.1089964497041
"347","TQREMPROORCL02B","QRO","PRODUCCION","poweredOn","fisico",6,1.125,4.875
"348","TQREMPROORCL02C","QRO","PRODUCCION","poweredOn","fisico",1104.4,963.132859387202,141.267140612798
"349","TQREMPROORCL03C","QRO","PRODUCCION","poweredOn","fisico",1489,1484.94488827112,4.05511172888326
"350","TQRIFPROMSQL01","QRO","PRODUCCION","poweredOn","fisico",982.9,726.088050332368,256.811949667632
"351","TQRIFPROMSQL02","QRO","PRODUCCION","poweredOn","fisico",975.8,718.704003457368,257.095996542632
"352","TQRIFPROMSQL03","QRO","PRODUCCION","poweredOn","fisico",1042.5,817.337565957368,225.162434042632
"353","TQSASPROSPDS01_MG","QRO","PRODUCCION","poweredOn","fisico",2914.7,2788.78207022409,125.917929775912
"354","TQSASPROSPDS02_MIGRADO","QRO","PRODUCCION","poweredOn","fisico",2490.7,2431.07425512551,59.6257448744856
"355","TQSASPROSPDS04_MG","QRO","PRODUCCION","poweredOn","fisico",5694.9,5466.40223234545,228.497767654548
"356","TQSASPROSPDS05-MG","QRO","PRODUCCION","poweredOn","fisico",3166.4,3010.32361248389,156.076387516109
"357","TQSASPROSPDS07_MG","QRO","PRODUCCION","poweredOn","fisico",4848.1,4505.71014937453,342.389850625468
"358","TQSCGPRODSQL01","QRO","PRODUCCION","poweredOn","fisico",39.15,25.8587604166667,13.2912395833333
"359","TQSCGPRODSQL02","QRO","PRODUCCION","poweredOn","fisico",34.65,25.65659375,8.99340625
"360","TQSCGPRODSQL03","QRO","PRODUCCION","poweredOn","fisico",55.35,17.2297294207317,38.1202705792683
"361","TQSCGPRODSQL04","QRO","PRODUCCION","poweredOn","fisico",48.15,14.8494794207317,33.3005205792683
"362","TQSCGPRODSQL05","QRO","PRODUCCION","poweredOn","fisico",47.9,26.98353125,20.91646875
"363","TQSCGPRODSQL06","QRO","PRODUCCION","poweredOn","fisico",40.3,26.4091979166667,13.8908020833333
"364","TQSECPROACDT01","QRO","PRODUCCION","poweredOn","fisico",0.4,0.000684931506849315,0.399315068493151
"365","TQSECPROACDT02","QRO","PRODUCCION","poweredOn","fisico",21.1,3.38078125,17.71921875
"366","TQSECPROACTD01","QRO","PRODUCCION","poweredOn","fisico",26.3,4.34578125,21.95421875
"367","TQSECPROEXCH01","QRO","PRODUCCION","poweredOn","fisico",10455.65,9038.62442135229,1417.02557864771
"368","TQSECPROEXCH01B_V2","QRO","PRODUCCION","poweredOn","fisico",11370.15,9923.8712532812,1446.2787467188
"369","TQSECPROEXCH01_V2","QRO","PRODUCCION","poweredOn","fisico",6683.55,4068.0217979692,2615.5282020308
"370","TQSECPROEXCH02B_V2","QRO","PRODUCCION","poweredOn","fisico",18503.5,15027.0473469077,3476.45265309231
"371","TQSECPROEXCH03","QRO","PRODUCCION","poweredOn","fisico",125.9,108.567191780822,17.3328082191781
"372","TQSECPROEXCH03B","QRO","PRODUCCION","poweredOn","fisico",17991.4,14047.1905092906,3944.20949070936
"373","TQSECPROEXCH04","QRO","PRODUCCION","poweredOn","fisico",7393.55,5293.56565052662,2099.98434947338
"374","TQSECPROEXCH04_V3","QRO","PRODUCCION","poweredOn","fisico",7410.55,5300.60902952205,2109.94097047795
"375","TQSECPROEXCH05","QRO","PRODUCCION","poweredOn","fisico",6584.95,3965.34633130253,2619.60366869747
"376","TQSECPROMSQL01","QRO","PRODUCCION","poweredOn","fisico",397.6,284.784365029762,112.815634970238
"377","TQSECPROMSQL01_MG","QRO","PRODUCCION","poweredOn","fisico",118.2,54.6203125,63.5796875
"378","TQSECPROMSQL02","QRO","PRODUCCION","poweredOn","fisico",1735.66,1334.96341902148,400.696580978521
"379","TQSECPROMSQL02_NEW","QRO","PRODUCCION","poweredOn","fisico",28,6.125,21.875
"380","TQSECPROMSQL03","QRO","PRODUCCION","poweredOn","fisico",1765.76,1347.92052839648,417.839471603521
"381","TQSECPROMSQL04","QRO","PRODUCCION","poweredOn","fisico",1700.56,1295.24568464648,405.314315353521
"382","TQSECPROMSQL05","QRO","PRODUCCION","poweredOn","fisico",393.5,281.062724404762,112.437275595238
"383","TQSECPROMSQL05_MG","QRO","PRODUCCION","poweredOn","fisico",100.4,39.48125,60.91875
"384","TQSECPROMSQL06","QRO","PRODUCCION","poweredOn","fisico",1737.46,1321.30310652148,416.156893478521
"385","TQSECPROMSQL06_NEW","QRO","PRODUCCION","poweredOn","fisico",30.2,7.1253125,23.0746875
"386","TQSECPROMSQL07","QRO","PRODUCCION","poweredOn","fisico",1739.36,1319.97880964648,419.381190353521
"387","TQSECPROMSQL07_NEW","QRO","PRODUCCION","poweredOn","fisico",27.9,6.081328125,21.818671875
"388","TQSECPROMSQL12","QRO","PRODUCCION","poweredOn","fisico",2222.13333333333,1549.67715871048,672.456174622854
"389","TQSECPROMSQL12_MG","QRO","PRODUCCION","poweredOn","fisico",37.5,10.986328125,26.513671875
"390","TQSECPROMSQL13","QRO","PRODUCCION","poweredOn","fisico",2220.43333333333,1549.29067433548,671.142658997854
"391","TQSECPROMSQL13_MG","QRO","PRODUCCION","poweredOn","fisico",40.3,12.688203125,27.611796875
"392","TQSECPROMSQL14","QRO","PRODUCCION","poweredOn","fisico",2222.33333333333,1549.72559621048,672.607737122854
"393","TQSEXPROEXCH01B","QRO","PRODUCCION","poweredOn","fisico",7.2,0.81,6.39
"394","TQSFEPROMSQL01","QRO","PRODUCCION","poweredOn","fisico",1746.6,1704.5517040281,42.0482959719036
"395","TQSFEPROMSQL01_NEW","QRO","PRODUCCION","poweredOn","fisico",6601.15,5565.26737509532,1035.88262490468
"396","TQSFEPROMSQL02","QRO","PRODUCCION","poweredOn","fisico",1746.6,1704.5517040281,42.0482959719036
"397","TQSFEPROMSQL02_NEW","QRO","PRODUCCION","poweredOn","fisico",6624.65,5576.91359616357,1047.73640383643
"398","TQSICPROMSQL05","QRO","PRODUCCION","poweredOn","fisico",87.5,50.0033888888889,37.4966111111111
"399","TQSICPROMSQL05_MIG","QRO","PRODUCCION","poweredOn","fisico",932.1,725.304439868266,206.795560131734
"400","TQSICPROMSQL06","QRO","PRODUCCION","poweredOn","fisico",107.3,77.3765701388889,29.9234298611111
"401","TQSICPROMSQL06_MIG","QRO","PRODUCCION","poweredOn","fisico",949.6,754.201621118266,195.398378881734
"402","TQSINPROLDGT04","QRO","PRODUCCION","poweredOn","fisico",185.5,185.600065919578,-0.100065919578157
"403","TQSINPROLDGT04_MIG","QRO","PRODUCCION","poweredOn","fisico",22.6,3.22282773473336,19.3771722652666
"404","TQSINPROPSRV11","QRO","PRODUCCION","poweredOn","fisico",216.7,174.0238,42.6762
"405","TQSINPROSSGT01","QRO","PRODUCCION","poweredOn","fisico",33.7,33.7,0
"406","TQSINPROSSGT01_MG","QRO","PRODUCCION","poweredOn","fisico",33.7,33.7,0
"407","TQSITDEVORCL03","QRO","DESARROLLO","poweredOn","fisico",0,0,0
"408","TQSITDEVORCL04","QRO","DESARROLLO","poweredOn","fisico",0,0,0
"409","TQSTIPROORRC01","QRO","PRODUCCION","poweredOn","fisico",1578.5,1576.53632855763,1.9636714423697
"410","TQSTIPROORRC02","QRO","PRODUCCION","poweredOn","fisico",1024.6,1024.90145311424,-0.301453114242617
"411","TQSTIPROORRC03","QRO","PRODUCCION","poweredOn","fisico",210.45,97.6653577969006,112.784642203099
"412","TQSTIPROORRC04","QRO","PRODUCCION","poweredOn","fisico",165.85,95.7930225373238,70.0569774626762
"413","TQTRIPROETPM08","QRO","PRODUCCION","poweredOn","fisico",20.4,12.3489614243323,8.05103857566766
"414","TQTRIPROETPM09","QRO","PRODUCCION","poweredOn","fisico",17.7,9.29643916913946,8.40356083086053
"415","TQTRIPROETPM10","QRO","PRODUCCION","poweredOn","fisico",13.2,5.17032640949555,8.02967359050445
"416","TQTRIPROETPM11","QRO","PRODUCCION","poweredOn","fisico",17.4,8.98397626112759,8.4160237388724
"417","TQTRIPROETPM12","QRO","PRODUCCION","poweredOn","fisico",17.7,9.29643916913946,8.40356083086053
"418","TQTRIPROETPM13","QRO","PRODUCCION","poweredOn","fisico",17.3,8.88100890207715,8.41899109792285
"419","TQTRIPROETPM14","QRO","PRODUCCION","poweredOn","fisico",14.5,6.23887240356083,8.26112759643917
"420","TQTRIPROETPM15","QRO","PRODUCCION","poweredOn","fisico",13.5,5.4080118694362,8.0919881305638
"421","TQTRIPROETPM16","QRO","PRODUCCION","poweredOn","fisico",13.6,5.48842729970326,8.11157270029674
"422","TQTRIPROETPM17","QRO","PRODUCCION","poweredOn","fisico",10.4,3.20949554896142,7.19050445103858
"423","TQTRIPROETPM18","QRO","PRODUCCION","poweredOn","fisico",11.2,3.72225519287834,7.47774480712166
"424","TQTRIPROETPM19","QRO","PRODUCCION","poweredOn","fisico",10.8,3.46112759643917,7.33887240356083
"425","TQTRIPROETPM20","QRO","PRODUCCION","poweredOn","fisico",12.1,4.34451038575668,7.75548961424332
"426","TQTRIPROETPM21","QRO","PRODUCCION","poweredOn","fisico",12.2,4.41661721068249,7.78338278931751
"427","TQTRIPROETPM22","QRO","PRODUCCION","poweredOn","fisico",12,4.27299703264095,7.72700296735905
"428","TQTRIPROETPM23","QRO","PRODUCCION","poweredOn","fisico",12.1,4.34451038575668,7.75548961424332
"429","TQTRIPROETPM24","QRO","PRODUCCION","poweredOn","fisico",11.7,4.0620178041543,7.6379821958457
"430","TQTRIPROETPM25","QRO","PRODUCCION","poweredOn","fisico",14.4,6.15311572700297,8.24688427299703
"431","TQTRIPROETPM26","QRO","PRODUCCION","poweredOn","fisico",11,3.59050445103858,7.40949554896143
"432","TQTRIPROETPM27","QRO","PRODUCCION","poweredOn","fisico",14.4,6.15311572700297,8.24688427299703
"433","TQTRIPROETPM28","QRO","PRODUCCION","poweredOn","fisico",12.9,4.9379821958457,7.9620178041543
"434","TQTRIPROETPM29","QRO","PRODUCCION","poweredOn","fisico",12.2,4.41661721068249,7.78338278931751
"435","TQTRIPROETPM30","QRO","PRODUCCION","poweredOn","fisico",11,3.59050445103858,7.40949554896143
"436","TQTRIPROWEBL03","QRO","PRODUCCION","poweredOn","fisico",19.7,11.5160237388724,8.1839762611276
"437","TQTRIPROWEBL04","QRO","PRODUCCION","poweredOn","fisico",19.8,11.633234421365,8.16676557863502
"438","TQTRIUATORCL01","QRO","UAT","poweredOn","fisico",0.1,0.001,0.099
"439","TRAINING","QRO","OTROS","poweredOn","fisico",0,0,0
